Transaction_ID,Date,Category,Amount,Payment_App,Type
TXN0001,2026-01-01 00:00:00.000000000,Insurance,799,Other UPI,P2M
TXN0002,2026-01-02 19:29:23.758389261,Fuel,799,Paytm,P2P
TXN0003,2026-01-04 14:58:47.516778523,Telecom,250,Paytm,P2M
TXN0004,2026-01-06 10:28:11.275167785,Insurance,10000,Other UPI,P2M
TXN0005,2026-01-08 05:57:35.033557047,Retail,1800,Paytm,P2M
TXN0006,2026-01-10 01:26:58.791946308,Other,7500,Paytm,P2M
TXN0007,2026-01-11 20:56:22.550335570,Telecom,2500,Paytm,P2M
TXN0008,2026-01-13 16:25:46.308724832,Telecom,7500,Paytm,P2M
TXN0009,2026-01-15 11:55:10.067114094,Insurance,5000,Paytm,P2M
TXN0010,2026-01-17 07:24:33.825503355,Restaurant,15000,Paytm,P2P
TXN0011,2026-01-19 02:53:57.583892617,Retail,2500,Paytm,P2M
TXN0012,2026-01-20 22:23:21.342281879,Insurance,5000,Other UPI,P2M
TXN0013,2026-01-22 17:52:45.100671141,Retail,3500,Paytm,P2M
TXN0014,2026-01-24 13:22:08.859060402,Retail,15000,Paytm,P2M
TXN0015,2026-01-26 08:51:32.617449664,Other,450,Paytm,P2M
TXN0016,2026-01-28 04:20:56.375838926,Telecom,250,Paytm,P2M
TXN0017,2026-01-29 23:50:20.134228188,Fuel,2500,Paytm,P2M
TXN0018,2026-01-31 19:19:43.892617450,Other,2500,Paytm,P2M
TXN0019,2026-02-02 14:49:07.651006711,Other,75000,Paytm,P2M
TXN0020,2026-02-04 10:18:31.409395973,Retail,3500,Paytm,P2M
TXN0021,2026-02-06 05:47:55.167785235,Travel,1800,Paytm,P2P
TXN0022,2026-02-08 01:17:18.926174497,Telecom,799,Paytm,P2M
TXN0023,2026-02-09 20:46:42.684563758,Restaurant,15000,Paytm,P2M
TXN0024,2026-02-11 16:16:06.442953020,Other,3500,Paytm,P2M
TXN0025,2026-02-13 11:45:30.201342282,Fuel,2100,Other UPI,P2M
TXN0026,2026-02-15 07:14:53.959731544,Travel,10000,Paytm,P2M
TXN0027,2026-02-17 02:44:17.718120805,Travel,799,Paytm,P2M
TXN0028,2026-02-18 22:13:41.476510067,Restaurant,250,Paytm,P2M
TXN0029,2026-02-20 17:43:05.234899329,Other,799,Other UPI,P2M
TXN0030,2026-02-22 13:12:28.993288591,Fuel,1800,Other UPI,P2M
TXN0031,2026-02-24 08:41:52.751677852,Telecom,90000,Paytm,P2M
TXN0032,2026-02-26 04:11:16.510067114,Grocery,75000,Paytm,P2M
TXN0033,2026-02-27 23:40:40.268456376,Fuel,799,Other UPI,P2M
TXN0034,2026-03-01 19:10:04.026845638,Restaurant,250,Paytm,P2M
TXN0035,2026-03-03 14:39:27.785234900,Travel,1800,Paytm,P2M
TXN0036,2026-03-05 10:08:51.543624161,Telecom,7500,Paytm,P2M
TXN0037,2026-03-07 05:38:15.302013423,Fuel,2500,Paytm,P2M
TXN0038,2026-03-09 01:07:39.060402685,Grocery,90000,Other UPI,P2M
TXN0039,2026-03-10 20:37:02.818791946,Grocery,75000,Other UPI,P2M
TXN0040,2026-03-12 16:06:26.577181208,Retail,2500,Paytm,P2M
TXN0041,2026-03-14 11:35:50.335570470,Retail,10000,Paytm,P2M
TXN0042,2026-03-16 07:05:14.093959732,Insurance,5000,Paytm,P2M
TXN0043,2026-03-18 02:34:37.852348994,Restaurant,90000,Paytm,P2M
TXN0044,2026-03-19 22:04:01.610738255,Other,90000,Other UPI,P2M
TXN0045,2026-03-21 17:33:25.369127517,Fuel,7500,Other UPI,P2M
TXN0046,2026-03-23 13:02:49.127516779,Fuel,7500,Other UPI,P2M
TXN0047,2026-03-25 08:32:12.885906040,Other,15000,Paytm,P2M
TXN0048,2026-03-27 04:01:36.644295302,Insurance,25000,Paytm,P2M
TXN0049,2026-03-28 23:31:00.402684564,Travel,799,Paytm,P2M
TXN0050,2026-03-30 19:00:24.161073826,Travel,90000,Other UPI,P2M
TXN0051,2026-04-01 14:29:47.919463088,Insurance,2500,Paytm,P2M
TXN0052,2026-04-03 09:59:11.677852349,Travel,250,Paytm,P2M
TXN0053,2026-04-05 05:28:35.436241611,Retail,1200,Paytm,P2M
TXN0054,2026-04-07 00:57:59.194630873,Fuel,25000,Paytm,P2M
TXN0055,2026-04-08 20:27:22.953020134,Insurance,1200,Paytm,P2P
TXN0056,2026-04-10 15:56:46.711409396,Fuel,75000,Paytm,P2M
TXN0057,2026-04-12 11:26:10.469798658,Other,1800,Paytm,P2M
TXN0058,2026-04-14 06:55:34.228187920,Grocery,2500,Paytm,P2M
TXN0059,2026-04-16 02:24:57.986577182,Retail,2500,Paytm,P2M
TXN0060,2026-04-17 21:54:21.744966444,Telecom,25000,Paytm,P2M
TXN0061,2026-04-19 17:23:45.503355704,Retail,90000,Paytm,P2P
TXN0062,2026-04-21 12:53:09.261744966,Insurance,10000,Paytm,P2M
TXN0063,2026-04-23 08:22:33.020134228,Telecom,25000,Paytm,P2P
TXN0064,2026-04-25 03:51:56.778523490,Grocery,1200,Paytm,P2P
TXN0065,2026-04-26 23:21:20.536912752,Insurance,25000,Paytm,P2M
TXN0066,2026-04-28 18:50:44.295302014,Restaurant,2500,Other UPI,P2M
TXN0067,2026-04-30 14:20:08.053691276,Fuel,10000,Paytm,P2M
TXN0068,2026-05-02 09:49:31.812080538,Grocery,799,Paytm,P2M
TXN0069,2026-05-04 05:18:55.570469800,Fuel,2100,Paytm,P2M
TXN0070,2026-05-06 00:48:19.328859060,Travel,15000,Paytm,P2M
TXN0071,2026-05-07 20:17:43.087248322,Restaurant,450,Paytm,P2M
TXN0072,2026-05-09 15:47:06.845637584,Restaurant,7500,Paytm,P2M
TXN0073,2026-05-11 11:16:30.604026846,Grocery,25000,Other UPI,P2M
TXN0074,2026-05-13 06:45:54.362416108,Restaurant,75000,Paytm,P2M
TXN0075,2026-05-15 02:15:18.120805370,Telecom,5000,Other UPI,P2M
TXN0076,2026-05-16 21:44:41.879194632,Restaurant,1800,Paytm,P2M
TXN0077,2026-05-18 17:14:05.637583892,Fuel,2100,Other UPI,P2M
TXN0078,2026-05-20 12:43:29.395973154,Fuel,15000,Paytm,P2M
TXN0079,2026-05-22 08:12:53.154362416,Insurance,15000,Paytm,P2M
TXN0080,2026-05-24 03:42:16.912751678,Fuel,15000,Paytm,P2M
TXN0081,2026-05-25 23:11:40.671140940,Insurance,15000,Paytm,P2M
TXN0082,2026-05-27 18:41:04.429530202,Fuel,1200,Paytm,P2M
TXN0083,2026-05-29 14:10:28.187919464,Telecom,75000,Paytm,P2M
TXN0084,2026-05-31 09:39:51.946308726,Other,75000,Paytm,P2M
TXN0085,2026-06-02 05:09:15.704697988,Insurance,10000,Paytm,P2M
TXN0086,2026-06-04 00:38:39.463087248,Retail,7500,Paytm,P2M
TXN0087,2026-06-05 20:08:03.221476510,Travel,2500,Other UPI,P2P
TXN0088,2026-06-07 15:37:26.979865772,Grocery,15000,Other UPI,P2M
TXN0089,2026-06-09 11:06:50.738255034,Fuel,5000,Other UPI,P2M
TXN0090,2026-06-11 06:36:14.496644296,Restaurant,2500,Paytm,P2M
TXN0091,2026-06-13 02:05:38.255033558,Other,75000,Paytm,P2M
TXN0092,2026-06-14 21:35:02.013422820,Fuel,250,Other UPI,P2P
TXN0093,2026-06-16 17:04:25.771812080,Restaurant,250,Paytm,P2M
TXN0094,2026-06-18 12:33:49.530201342,Travel,5000,Other UPI,P2M
TXN0095,2026-06-20 08:03:13.288590604,Travel,10000,Other UPI,P2M
TXN0096,2026-06-22 03:32:37.046979866,Travel,75000,Other UPI,P2M
TXN0097,2026-06-23 23:02:00.805369128,Restaurant,5000,Paytm,P2M
TXN0098,2026-06-25 18:31:24.563758390,Fuel,1200,Paytm,P2P
TXN0099,2026-06-27 14:00:48.322147652,Travel,25000,Other UPI,P2M
TXN0100,2026-06-29 09:30:12.080536914,Telecom,5000,Paytm,P2M
TXN0101,2026-07-01 04:59:35.838926176,Insurance,799,Paytm,P2M
TXN0102,2026-07-03 00:28:59.597315436,Restaurant,2500,Paytm,P2M
TXN0103,2026-07-04 19:58:23.355704698,Restaurant,2100,Other UPI,P2M
TXN0104,2026-07-06 15:27:47.114093960,Fuel,3500,Paytm,P2M
TXN0105,2026-07-08 10:57:10.872483222,Restaurant,10000,Paytm,P2P
TXN0106,2026-07-10 06:26:34.630872484,Restaurant,5000,Paytm,P2M
TXN0107,2026-07-12 01:55:58.389261746,Travel,75000,Paytm,P2M
TXN0108,2026-07-13 21:25:22.147651008,Fuel,1800,Other UPI,P2P
TXN0109,2026-07-15 16:54:45.906040268,Travel,250,Paytm,P2P
TXN0110,2026-07-17 12:24:09.664429530,Insurance,799,Paytm,P2M
TXN0111,2026-07-19 07:53:33.422818792,Other,7500,Other UPI,P2M
TXN0112,2026-07-21 03:22:57.181208054,Insurance,15000,Paytm,P2M
TXN0113,2026-07-22 22:52:20.939597316,Other,3500,Paytm,P2M
TXN0114,2026-07-24 18:21:44.697986578,Travel,90000,Paytm,P2M
TXN0115,2026-07-26 13:51:08.456375840,Insurance,10000,Paytm,P2M
TXN0116,2026-07-28 09:20:32.214765102,Fuel,2100,Paytm,P2M
TXN0117,2026-07-30 04:49:55.973154364,Grocery,3500,Other UPI,P2M
TXN0118,2026-08-01 00:19:19.731543624,Travel,5000,Other UPI,P2M
TXN0119,2026-08-02 19:48:43.489932888,Other,1200,Other UPI,P2M
TXN0120,2026-08-04 15:18:07.248322148,Telecom,250,Other UPI,P2M
TXN0121,2026-08-06 10:47:31.006711408,Other,75000,Paytm,P2M
TXN0122,2026-08-08 06:16:54.765100672,Telecom,250,Paytm,P2M
TXN0123,2026-08-10 01:46:18.523489932,Restaurant,7500,Other UPI,P2M
TXN0124,2026-08-11 21:15:42.281879196,Insurance,1200,Paytm,P2M
TXN0125,2026-08-13 16:45:06.040268456,Telecom,15000,Paytm,P2M
TXN0126,2026-08-15 12:14:29.798657720,Other,75000,Other UPI,P2M
TXN0127,2026-08-17 07:43:53.557046980,Restaurant,2500,Other UPI,P2M
TXN0128,2026-08-19 03:13:17.315436244,Grocery,450,Paytm,P2M
TXN0129,2026-08-20 22:42:41.073825504,Fuel,799,Paytm,P2M
TXN0130,2026-08-22 18:12:04.832214764,Fuel,250,Paytm,P2M
TXN0131,2026-08-24 13:41:28.590604028,Fuel,1800,Paytm,P2M
TXN0132,2026-08-26 09:10:52.348993288,Telecom,250,Paytm,P2M
TXN0133,2026-08-28 04:40:16.107382552,Grocery,3500,Paytm,P2M
TXN0134,2026-08-30 00:09:39.865771812,Telecom,250,Paytm,P2M
TXN0135,2026-08-31 19:39:03.624161076,Insurance,10000,Paytm,P2M
TXN0136,2026-09-02 15:08:27.382550336,Telecom,250,Paytm,P2M
TXN0137,2026-09-04 10:37:51.140939600,Grocery,450,Paytm,P2M
TXN0138,2026-09-06 06:07:14.899328860,Grocery,450,Paytm,P2P
TXN0139,2026-09-08 01:36:38.657718120,Insurance,15000,Other UPI,P2M
TXN0140,2026-09-09 21:06:02.416107384,Grocery,2100,Paytm,P2M
TXN0141,2026-09-11 16:35:26.174496644,Other,2500,Paytm,P2M
TXN0142,2026-09-13 12:04:49.932885908,Grocery,1800,Paytm,P2P
TXN0143,2026-09-15 07:34:13.691275168,Fuel,250,Other UPI,P2P
TXN0144,2026-09-17 03:03:37.449664432,Other,250,Paytm,P2M
TXN0145,2026-09-18 22:33:01.208053692,Other,799,Paytm,P2M
TXN0146,2026-09-20 18:02:24.966442952,Insurance,75000,Paytm,P2M
TXN0147,2026-09-22 13:31:48.724832216,Retail,450,Paytm,P2M
TXN0148,2026-09-24 09:01:12.483221476,Retail,1800,Paytm,P2M
TXN0149,2026-09-26 04:30:36.241610740,Grocery,15000,Paytm,P2M
TXN0150,2026-09-28 00:00:00.000000000,Other,7500,Paytm,P2P
